Protocollo;Gruppo;DataOraIncidente;Localizzazione1;STRADA1;Localizzazione2;STRADA2;Strada02;Chilometrica;DaSpecificare;NaturaIncidente;particolaritastrade;TipoStrada;FondoStradale;Pavimentazione;Segnaletica;CondizioneAtmosferica;Traffico;Visibilita;Illuminazione;NUM_FERITI;NUM_RISERVATA;NUM_MORTI;NUM_ILLESI;Longitudine;Latitudine;Confermato;Progressivo;TipoVeicolo;StatoVeicolo;TipoPersona;Sesso;Tipolesione;Deceduto;DecedutoDopo;CinturaCascoUtilizzato;Airbag
3124105;1;05/01/2017 20:15;Strada Urbana;VIA DRUSO;in prossimità;;del palo luce n.;8;;Scontro laterale fra veicoli in marcia;Rettilineo;Una carreggiata a doppio senso;Asciutto;Asfaltata;Verticale ed orizzontale;Sereno;Normale;Buona;Sufficiente;1;0;0;5;12,49724;41,8812;-1;1;Autovettura privata;In marcia / fermata / arresto;Passeggero;F;Illeso;0;;Non accertato;Inesploso
3124105;1;05/01/2017 20:15;Strada Urbana;VIA DRUSO;in prossimità;;del palo luce n.;8;;Scontro laterale fra veicoli in marcia;Rettilineo;Una carreggiata a doppio senso;Asciutto;Asfaltata;Verticale ed orizzontale;Sereno;Normale;Buona;Sufficiente;1;0;0;5;12,49724;41,8812;-1;1;Autovettura privata;In marcia / fermata / arresto;Passeggero;M;Illeso;0;;Non accertato;Inesploso
3124105;1;05/01/2017 20:15;Strada Urbana;VIA DRUSO;in prossimità;;del palo luce n.;8;;Scontro laterale fra veicoli in marcia;Rettilineo;Una carreggiata a doppio senso;Asciutto;Asfaltata;Verticale ed orizzontale;Sereno;Normale;Buona;Sufficiente;1;0;0;5;12,49724;41,8812;-1;1;Autovettura privata;In marcia / fermata / arresto;Passeggero;F;Illeso;0;;Non accertato;Inesploso
3124105;1;05/01/2017 20:15;Strada Urbana;VIA DRUSO;in prossimità;;del palo luce n.;8;;Scontro laterale fra veicoli in marcia;Rettilineo;Una carreggiata a doppio senso;Asciutto;Asfaltata;Verticale ed orizzontale;Sereno;Normale;Buona;Sufficiente;1;0;0;5;12,49724;41,8812;-1;1;Autovettura privata;In marcia / fermata / arresto;Passeggero;M;Illeso;0;;Non accertato;Inesploso
3124105;1;05/01/2017 20:15;Strada Urbana;VIA DRUSO;in prossimità;;del palo luce n.;8;;Scontro laterale fra veicoli in marcia;Rettilineo;Una carreggiata a doppio senso;Asciutto;Asfaltata;Verticale ed orizzontale;Sereno;Normale;Buona;Sufficiente;1;0;0;5;12,49724;41,8812;-1;2;Motociclo a solo;In marcia / fermata / arresto;Conducente;M;Rimandato;0;NON DECEDUTO;Non accertato;
3124107;3;03/01/2017 07:10;Strada Urbana;CIRCONVALLAZIONE TIBURTINA;da specificare;;;;direzione L.go Passamonti altezza entrata dogana;Veicolo in marcia contro ostacolo fisso;Curva senza visuale libera;Due carreggiate;Bagnato (pioggia);Asfaltata;Verticale;Pioggia in atto;Normale;Buona;Inesistente;1;0;0;1;12,5279;41,89931;-1;1;Autovettura privata;In marcia / fermata / arresto;Conducente;M;Illeso;0;;Non accertato;
3124107;3;03/01/2017 07:10;Strada Urbana;CIRCONVALLAZIONE TIBURTINA;da specificare;;;;direzione L.go Passamonti altezza entrata dogana;Veicolo in marcia contro ostacolo fisso;Curva senza visuale libera;Due carreggiate;Bagnato (pioggia);Asfaltata;Verticale;Pioggia in atto;Normale;Buona;Inesistente;1;0;0;1;12,5279;41,89931;-1;1;Autovettura privata;In marcia / fermata / arresto;Passeggero;M;Rimandato;0;NON DECEDUTO;Non accertato;Inesploso
3124121;3;03/01/2017 18:30;Strada Urbana;VIALE DELL'UNIVERSITA';all'intersezione semaforizzata con;VIALE REGINA ELENA;VIALE REGINA ELENA;;;Scontro laterale fra veicoli in marcia;Intersezione semaforizzata;Due carreggiate;Asciutto;Asfaltata;Verticale ed orizzontale;Nuvoloso;Normale;Buona;Ore Diurne;0;0;0;3;12,51179;41,90433;-1;1;Autovettura privata;In marcia / fermata / arresto;Conducente;F;Illeso;0;;Non accertato;Inesploso
3124121;3;03/01/2017 18:30;Strada Urbana;VIALE DELL'UNIVERSITA';all'intersezione semaforizzata con;VIALE REGINA ELENA;VIALE REGINA ELENA;;;Scontro laterale fra veicoli in marcia;Intersezione semaforizzata;Due carreggiate;Asciutto;Asfaltata;Verticale ed orizzontale;Nuvoloso;Normale;Buona;Ore Diurne;0;0;0;3;12,51179;41,90433;-1;1;Autovettura privata;In marcia / fermata / arresto;Passeggero;M;Illeso;0;;Non accertato;Inesploso
3124121;3;03/01/2017 18:30;Strada Urbana;VIALE DELL'UNIVERSITA';all'intersezione semaforizzata con;VIALE REGINA ELENA;VIALE REGINA ELENA;;;Scontro laterale fra veicoli in marcia;Intersezione semaforizzata;Due carreggiate;Asciutto;Asfaltata;Verticale ed orizzontale;Nuvoloso;Normale;Buona;Ore Diurne;0;0;0;3;12,51179;41,90433;-1;2;Autovettura privata;In marcia / fermata / arresto;Conducente;M;Illeso;0;;Non accertato;Inesploso
3124132;3;03/01/2017 13:30;Strada Urbana;VIALE REGINA ELENA;in prossimità;;del civico n.;334 A;;Scontro frontale/laterale SX fra veicoli in marcia;Rettilineo;Una carreggiata a doppio senso;Asciutto;Asfaltata;Verticale ed orizzontale;Nuvoloso;Normale;Buona;Ore Diurne;2;0;0;0;12,51751;41,90417;-1;1;Motociclo a solo;In marcia / fermata / arresto;Conducente;M;Rimandato;0;NON DECEDUTO;Non accertato;
3124132;3;03/01/2017 13:30;Strada Urbana;VIALE REGINA ELENA;in prossimità;;del civico n.;334 A;;Scontro frontale/laterale SX fra veicoli in marcia;Rettilineo;Una carreggiata a doppio senso;Asciutto;Asfaltata;Verticale ed orizzontale;Nuvoloso;Normale;Buona;Ore Diurne;2;0;0;0;12,51751;41,90417;-1;2;Motociclo a solo;In marcia / fermata / arresto;Conducente;M;Rimandato;0;NON DECEDUTO;Non accertato;
3124156;3;03/01/2017 11:00;Strada Urbana;VIA NOMENTANA;da specificare;;;;prossimità fronte civico 101;Veicoli in marcia contro veicolo fermo;Rettilineo;Una carreggiata a senso unico di marcia;Bagnato (umidità in atto);Asfaltata;Verticale ed orizzontale;Nuvoloso;Normale;Buona;Ore Diurne;0;0;0;3;12,50409;41,91146;-1;1;Motociclo a solo;In marcia / fermata / arresto;Conducente;M;Illeso;0;;;
3124156;3;03/01/2017 11:00;Strada Urbana;VIA NOMENTANA;da specificare;;;;prossimità fronte civico 101;Veicoli in marcia contro veicolo fermo;Rettilineo;Una carreggiata a senso unico di marcia;Bagnato (umidità in atto);Asfaltata;Verticale ed orizzontale;Nuvoloso;Normale;Buona;Ore Diurne;0;0;0;3;12,50409;41,91146;-1;2;Autovettura privata;In marcia / fermata / arresto;Conducente;M;Illeso;0;;;
3124156;3;03/01/2017 11:00;Strada Urbana;VIA NOMENTANA;da specificare;;;;prossimità fronte civico 101;Veicoli in marcia contro veicolo fermo;Rettilineo;Una carreggiata a senso unico di marcia;Bagnato (umidità in atto);Asfaltata;Verticale ed orizzontale;Nuvoloso;Normale;Buona;Ore Diurne;0;0;0;3;12,50409;41,91146;-1;3;Autovettura pubblica;In marcia / fermata / arresto;Conducente;M;Illeso;0;;;
3124191;3;04/01/2017 09:00;Strada Urbana;VIALE DEL POLICLINICO;da specificare;;;;direzione P.zza G. Fabrizio fronte palo luce 12;Veicolo in marcia contro veicolo in sosta;Rettilineo;Una carreggiata a doppio senso;Asciutto;Asfaltata;Verticale ed orizzontale;Sereno;Normale;Buona;Ore Diurne;0;0;0;1;12,50828;41,90904;-1;2;Autovettura privata;In marcia / fermata / arresto;Conducente;F;Illeso;0;;Non accertato;Inesploso
3124218;1;06/01/2017 10:45;Strada Urbana;VICOLO DELLA TORRETTA;all'intersezione con;VIA DELLA TORRETTA;VIA DELLA TORRETTA;;;Scontro frontale/laterale SX fra veicoli in marcia;Intersezione stradale segnalata;Una carreggiata a senso unico di marcia;Asciutto;Acciotolata;Verticale;Sereno;Scarso;Buona;Ore Diurne;0;0;0;2;12,47716;41,90333;-1;1;Autovettura privata;In marcia / fermata / arresto;Conducente;F;Illeso;0;;;
3124218;1;06/01/2017 10:45;Strada Urbana;VICOLO DELLA TORRETTA;all'intersezione con;VIA DELLA TORRETTA;VIA DELLA TORRETTA;;;Scontro frontale/laterale SX fra veicoli in marcia;Intersezione stradale segnalata;Una carreggiata a senso unico di marcia;Asciutto;Acciotolata;Verticale;Sereno;Scarso;Buona;Ore Diurne;0;0;0;2;12,47716;41,90333;-1;2;Autovettura privata;In marcia / fermata / arresto;Conducente;M;Illeso;0;;;
3124353;1;07/01/2017 06:00;Strada Urbana;LARGO DELLA POLVERIERA;in prossimità;;del civico n.;31/32;;Veicolo in marcia contro veicoli in arresto;Rettilineo;Una carreggiata a senso unico di marcia;Asciutto;Asfaltata;Verticale ed orizzontale;Sereno;Scarso;Buona;Sufficiente;0;0;0;2;12,49324;41,89236;-1;1;Autovettura privata;In marcia / fermata / arresto;Conducente;M;Illeso;0;;Non accertato;
3124353;1;07/01/2017 06:00;Strada Urbana;LARGO DELLA POLVERIERA;in prossimità;;del civico n.;31/32;;Veicolo in marcia contro veicoli in arresto;Rettilineo;Una carreggiata a senso unico di marcia;Asciutto;Asfaltata;Verticale ed orizzontale;Sereno;Scarso;Buona;Sufficiente;0;0;0;2;12,49324;41,89236;-1;2;Autovettura privata;In marcia / fermata / arresto;Conducente;F;Illeso;0;;Non accertato;
3124376;13;05/01/2017 13:30;Strada Urbana;VIA FERDINANDO ACTON;all'intersezione con;VIA CAPO PORO;VIA CAPO PORO;;;Scontro frontale/laterale SX fra veicoli in marcia;Incrocio;Due carreggiate;Asciutto;Asfaltata;Verticale;Sereno;Normale;Buona;Ore Diurne;0;0;0;3;12,2916;41,73164;-1;1;Autovettura privata;In marcia / fermata / arresto;Conducente;M;Illeso;0;;Non accertato;
3124376;13;05/01/2017 13:30;Strada Urbana;VIA FERDINANDO ACTON;all'intersezione con;VIA CAPO PORO;VIA CAPO PORO;;;Scontro frontale/laterale SX fra veicoli in marcia;Incrocio;Due carreggiate;Asciutto;Asfaltata;Verticale;Sereno;Normale;Buona;Ore Diurne;0;0;0;3;12,2916;41,73164;-1;1;Autovettura privata;In marcia / fermata / arresto;Passeggero;M;Illeso;0;;Non accertato;Inesploso
3124376;13;05/01/2017 13:30;Strada Urbana;VIA FERDINANDO ACTON;all'intersezione con;VIA CAPO PORO;VIA CAPO PORO;;;Scontro frontale/laterale SX fra veicoli in marcia;Incrocio;Due carreggiate;Asciutto;Asfaltata;Verticale;Sereno;Normale;Buona;Ore Diurne;0;0;0;3;12,2916;41,73164;-1;2;Autovettura privata;In marcia / fermata / arresto;Conducente;M;Illeso;0;;Non accertato;Inesploso
3124390;13;05/01/2017 18:15;Strada Urbana;VIALE DEI ROMAGNOLI;da specificare;;;;prossimità Cineland;Tamponamento;Rettilineo;Una carreggiata a senso unico di marcia;Asciutto;Asfaltata;Verticale ed orizzontale;Sereno;Normale;Buona;Sufficiente;1;0;0;2;12,32241;41,76913;-1;1;Autovettura privata;In marcia / fermata / arresto;Conducente;M;Illeso;0;;Non accertato;Inesploso
3124390;13;05/01/2017 18:15;Strada Urbana;VIALE DEI ROMAGNOLI;da specificare;;;;prossimità Cineland;Tamponamento;Rettilineo;Una carreggiata a senso unico di marcia;Asciutto;Asfaltata;Verticale ed orizzontale;Sereno;Normale;Buona;Sufficiente;1;0;0;2;12,32241;41,76913;-1;1;Autovettura privata;In marcia / fermata / arresto;Passeggero;F;Illeso;0;;Non accertato;Inesploso
3124390;13;05/01/2017 18:15;Strada Urbana;VIALE DEI ROMAGNOLI;da specificare;;;;prossimità Cineland;Tamponamento;Rettilineo;Una carreggiata a senso unico di marcia;Asciutto;Asfaltata;Verticale ed orizzontale;Sereno;Normale;Buona;Sufficiente;1;0;0;2;12,32241;41,76913;-1;2;Motociclo a solo;In marcia / fermata / arresto;Conducente;M;Rimandato;0;NON DECEDUTO;;
3124392;12;06/01/2017 11:15;Strada Urbana;VIALE DELL'OCEANO PACIFICO;all'intersezione semaforizzata con;VIALE DELLA TECNICA;VIALE DELLA TECNICA;;;Scontro frontale/laterale DX fra veicoli in marcia;Intersezione semaforizzata;Una carreggiata a doppio senso;Asciutto;Asfaltata;Verticale ed orizzontale;Sereno;Normale;Buona;Ore Diurne;0;0;0;5;12,4592;41,82197;-1;1;Autovettura privata;In marcia / fermata / arresto;Conducente;F;Illeso;0;;;
3124392;12;06/01/2017 11:15;Strada Urbana;VIALE DELL'OCEANO PACIFICO;all'intersezione semaforizzata con;VIALE DELLA TECNICA;VIALE DELLA TECNICA;;;Scontro frontale/laterale DX fra veicoli in marcia;Intersezione semaforizzata;Una carreggiata a doppio senso;Asciutto;Asfaltata;Verticale ed orizzontale;Sereno;Normale;Buona;Ore Diurne;0;0;0;5;12,4592;41,82197;-1;1;Autovettura privata;In marcia / fermata / arresto;Passeggero;F;Illeso;0;;;Inesploso
3124392;12;06/01/2017 11:15;Strada Urbana;VIALE DELL'OCEANO PACIFICO;all'intersezione semaforizzata con;VIALE DELLA TECNICA;VIALE DELLA TECNICA;;;Scontro frontale/laterale DX fra veicoli in marcia;Intersezione semaforizzata;Una carreggiata a doppio senso;Asciutto;Asfaltata;Verticale ed orizzontale;Sereno;Normale;Buona;Ore Diurne;0;0;0;5;12,4592;41,82197;-1;2;Autovettura privata;In marcia / fermata / arresto;Conducente;F;Illeso;0;;Non accertato;Inesploso
3124392;12;06/01/2017 11:15;Strada Urbana;VIALE DELL'OCEANO PACIFICO;all'intersezione semaforizzata con;VIALE DELLA TECNICA;VIALE DELLA TECNICA;;;Scontro frontale/laterale DX fra veicoli in marcia;Intersezione semaforizzata;Una carreggiata a doppio senso;Asciutto;Asfaltata;Verticale ed orizzontale;Sereno;Normale;Buona;Ore Diurne;0;0;0;5;12,4592;41,82197;-1;2;Autovettura privata;In marcia / fermata / arresto;Passeggero;F;Illeso;0;;Non accertato;Inesploso
3124392;12;06/01/2017 11:15;Strada Urbana;VIALE DELL'OCEANO PACIFICO;all'intersezione semaforizzata con;VIALE DELLA TECNICA;VIALE DELLA TECNICA;;;Scontro frontale/laterale DX fra veicoli in marcia;Intersezione semaforizzata;Una carreggiata a doppio senso;Asciutto;Asfaltata;Verticale ed orizzontale;Sereno;Normale;Buona;Ore Diurne;0;0;0;5;12,4592;41,82197;-1;2;Autovettura privata;In marcia / fermata / arresto;Passeggero;F;Illeso;0;;Non accertato;Inesploso
3124394;1;06/01/2017 13:10;Strada Urbana;LUNGOTEVERE TOR DI NONA;in prossimità;;del palo luce n.;13;;Veicolo in marcia contro ostacolo accidentale;Rettilineo;Una carreggiata a senso unico di marcia;Asciutto;Asfaltata;Assente;Sereno;Normale;Buona;Ore Diurne;0;0;0;1;12,46916;41,90151;-1;1;Autovettura pubblica;In marcia / fermata / arresto;Conducente;M;Illeso;0;;;
3124398;1;06/01/2017 02:15;Strada Urbana;PIAZZA DELLA ROVERE;all'intersezione semaforizzata con;PONTE PRINCIPE AMEDEO SAVOIA AOSTA;PONTE PRINCIPE AMEDEO SAVOIA AOSTA;;;Veicolo in marcia contro ostacolo fisso;Intersezione semaforizzata;Una carreggiata a doppio senso;Asciutto;Asfaltata;Verticale ed orizzontale;Sereno;Scarso;Sufficiente;Sufficiente;0;0;0;1;12,46258;41,89966;-1;1;Autovettura privata;In marcia / fermata / arresto;Conducente;M;Illeso;0;;Non accertato;Inesploso
3124425;1;07/01/2017 02:40;Strada Urbana;LUNGOTEVERE DEGLI ANGUILLARA;all'intersezione semaforizzata con;PIAZZA GIUSEPPE GIOACHINO BELLI;PIAZZA GIUSEPPE GIOACHINO BELLI;;;Scontro frontale/laterale SX fra veicoli in marcia;Intersezione semaforizzata;Una carreggiata a senso unico di marcia;Asciutto;Asfaltata;Verticale ed orizzontale;Nuvoloso;Scarso;Buona;Sufficiente;0;0;0;6;12,47581;41,89001;-1;1;Autovettura privata;In marcia / fermata / arresto;Conducente;F;Illeso;0;;;
3124425;1;07/01/2017 02:40;Strada Urbana;LUNGOTEVERE DEGLI ANGUILLARA;all'intersezione semaforizzata con;PIAZZA GIUSEPPE GIOACHINO BELLI;PIAZZA GIUSEPPE GIOACHINO BELLI;;;Scontro frontale/laterale SX fra veicoli in marcia;Intersezione semaforizzata;Una carreggiata a senso unico di marcia;Asciutto;Asfaltata;Verticale ed orizzontale;Nuvoloso;Scarso;Buona;Sufficiente;0;0;0;6;12,47581;41,89001;-1;1;Autovettura privata;In marcia / fermata / arresto;Passeggero;F;Illeso;0;;;
3124425;1;07/01/2017 02:40;Strada Urbana;LUNGOTEVERE DEGLI ANGUILLARA;all'intersezione semaforizzata con;PIAZZA GIUSEPPE GIOACHINO BELLI;PIAZZA GIUSEPPE GIOACHINO BELLI;;;Scontro frontale/laterale SX fra veicoli in marcia;Intersezione semaforizzata;Una carreggiata a senso unico di marcia;Asciutto;Asfaltata;Verticale ed orizzontale;Nuvoloso;Scarso;Buona;Sufficiente;0;0;0;6;12,47581;41,89001;-1;1;Autovettura privata;In marcia / fermata / arresto;Passeggero;M;Illeso;0;;;
3124425;1;07/01/2017 02:40;Strada Urbana;LUNGOTEVERE DEGLI ANGUILLARA;all'intersezione semaforizzata con;PIAZZA GIUSEPPE GIOACHINO BELLI;PIAZZA GIUSEPPE GIOACHINO BELLI;;;Scontro frontale/laterale SX fra veicoli in marcia;Intersezione semaforizzata;Una carreggiata a senso unico di marcia;Asciutto;Asfaltata;Verticale ed orizzontale;Nuvoloso;Scarso;Buona;Sufficiente;0;0;0;6;12,47581;41,89001;-1;2;Autovettura privata;In marcia / fermata / arresto;Conducente;M;Illeso;0;;;
3124425;1;07/01/2017 02:40;Strada Urbana;LUNGOTEVERE DEGLI ANGUILLARA;all'intersezione semaforizzata con;PIAZZA GIUSEPPE GIOACHINO BELLI;PIAZZA GIUSEPPE GIOACHINO BELLI;;;Scontro frontale/laterale SX fra veicoli in marcia;Intersezione semaforizzata;Una carreggiata a senso unico di marcia;Asciutto;Asfaltata;Verticale ed orizzontale;Nuvoloso;Scarso;Buona;Sufficiente;0;0;0;6;12,47581;41,89001;-1;2;Autovettura privata;In marcia / fermata / arresto;Passeggero;M;Illeso;0;;;
3124425;1;07/01/2017 02:40;Strada Urbana;LUNGOTEVERE DEGLI ANGUILLARA;all'intersezione semaforizzata con;PIAZZA GIUSEPPE GIOACHINO BELLI;PIAZZA GIUSEPPE GIOACHINO BELLI;;;Scontro frontale/laterale SX fra veicoli in marcia;Intersezione semaforizzata;Una carreggiata a senso unico di marcia;Asciutto;Asfaltata;Verticale ed orizzontale;Nuvoloso;Scarso;Buona;Sufficiente;0;0;0;6;12,47581;41,89001;-1;2;Autovettura privata;In marcia / fermata / arresto;Passeggero;M;Illeso;0;;;
3124436;1;07/01/2017 07:10;Strada Urbana;VIA DI S. VENANZIO;in prossimità;;del palo luce n.;7;;Veicolo in marcia contro ostacolo accidentale;Curva a visuale libera;Una carreggiata a senso unico di marcia;Ghiacciato;In cubetti di porfido;Verticale ed orizzontale;Sereno;Normale;Buona;Ore Diurne;0;0;0;1;12,48102;41,89515;-1;1;Motociclo a solo;In marcia / fermata / arresto;Conducente;M;Illeso;0;;Utilizzato;
3124438;13;05/01/2017 16:00;Strada Urbana;VIA MAR DEI SARGASSI;da specificare;;;;prossimità Via dei Pescatori;Scontro laterale fra veicoli in marcia;Rettilineo;Una carreggiata a doppio senso;Asciutto;Asfaltata;Assente;Sereno;Normale;Buona;Ore Diurne;0;0;0;5;12,30135;41,72781;-1;1;Autovettura privata;In marcia / fermata / arresto;Conducente;F;Illeso;0;;Non accertato;
3124438;13;05/01/2017 16:00;Strada Urbana;VIA MAR DEI SARGASSI;da specificare;;;;prossimità Via dei Pescatori;Scontro laterale fra veicoli in marcia;Rettilineo;Una carreggiata a doppio senso;Asciutto;Asfaltata;Assente;Sereno;Normale;Buona;Ore Diurne;0;0;0;5;12,30135;41,72781;-1;1;Autovettura privata;In marcia / fermata / arresto;Passeggero;F;Illeso;0;;Non accertato;Inesploso
3124438;13;05/01/2017 16:00;Strada Urbana;VIA MAR DEI SARGASSI;da specificare;;;;prossimità Via dei Pescatori;Scontro laterale fra veicoli in marcia;Rettilineo;Una carreggiata a doppio senso;Asciutto;Asfaltata;Assente;Sereno;Normale;Buona;Ore Diurne;0;0;0;5;12,30135;41,72781;-1;2;Autovettura privata;In marcia / fermata / arresto;Conducente;M;Illeso;0;;Non accertato;Inesploso
3124438;13;05/01/2017 16:00;Strada Urbana;VIA MAR DEI SARGASSI;da specificare;;;;prossimità Via dei Pescatori;Scontro laterale fra veicoli in marcia;Rettilineo;Una carreggiata a doppio senso;Asciutto;Asfaltata;Assente;Sereno;Normale;Buona;Ore Diurne;0;0;0;5;12,30135;41,72781;-1;2;Autovettura privata;In marcia / fermata / arresto;Passeggero;F;Illeso;0;;;
3124438;13;05/01/2017 16:00;Strada Urbana;VIA MAR DEI SARGASSI;da specificare;;;;prossimità Via dei Pescatori;Scontro laterale fra veicoli in marcia;Rettilineo;Una carreggiata a doppio senso;Asciutto;Asfaltata;Assente;Sereno;Normale;Buona;Ore Diurne;0;0;0;5;12,30135;41,72781;-1;3;Autovettura privata;In marcia / fermata / arresto;Conducente;F;Illeso;0;;Non accertato;Inesploso
3124446;1;07/01/2017 07:10;Strada Urbana;VIA DI S. VENANZIO;in prossimità;;del palo luce n.;7;;Veicolo in marcia contro ostacolo accidentale;Curva a visuale libera;Una carreggiata a senso unico di marcia;Ghiacciato;In cubetti di porfido;Verticale ed orizzontale;Sereno;Normale;Buona;Ore Diurne;1;0;0;0;12,48106;41,89475;-1;1;Motociclo a solo;In marcia / fermata / arresto;Conducente;M;Rifiuta cure immediate;0;NON DECEDUTO;Non accertato;
3124483;1;07/01/2017 13:30;Strada Urbana;VIA GIUSEPPE ROMITA;all'intersezione con;VIA CERNAIA;VIA CERNAIA;;;Scontro frontale/laterale SX fra veicoli in marcia;Incrocio;Una carreggiata a senso unico di marcia;Asciutto;Asfaltata;Verticale ed orizzontale;Sereno;Normale;Buona;Ore Diurne;2;0;0;0;12,496;41,90359;-1;1;Autovettura privata;In marcia / fermata / arresto;Conducente;F;Rimandato;0;NON DECEDUTO;Non accertato;Esploso
3124483;1;07/01/2017 13:30;Strada Urbana;VIA GIUSEPPE ROMITA;all'intersezione con;VIA CERNAIA;VIA CERNAIA;;;Scontro frontale/laterale SX fra veicoli in marcia;Incrocio;Una carreggiata a senso unico di marcia;Asciutto;Asfaltata;Verticale ed orizzontale;Sereno;Normale;Buona;Ore Diurne;2;0;0;0;12,496;41,90359;-1;2;Autocarro inferiore 35 q.;In marcia / fermata / arresto;Conducente;M;Rifiuta cure immediate;0;NON DECEDUTO;;
3124485;13;07/01/2017 15:15;Strada Urbana;CORSO DUCA DI GENOVA;all'intersezione con;VIALE DELLE REPUBBLICHE MARINARE;VIALE DELLE REPUBBLICHE MARINARE;;;Scontro laterale fra veicoli in marcia;Incrocio;Una carreggiata a doppio senso;Asciutto;Asfaltata;Verticale ed orizzontale;Nuvoloso;Normale;Buona;Ore Diurne;2;0;0;1;12,26847;41,73489;-1;1;Autocarro inferiore 35 q.;In marcia / fermata / arresto;Conducente;M;Illeso;0;;;
3124485;13;07/01/2017 15:15;Strada Urbana;CORSO DUCA DI GENOVA;all'intersezione con;VIALE DELLE REPUBBLICHE MARINARE;VIALE DELLE REPUBBLICHE MARINARE;;;Scontro laterale fra veicoli in marcia;Incrocio;Una carreggiata a doppio senso;Asciutto;Asfaltata;Verticale ed orizzontale;Nuvoloso;Normale;Buona;Ore Diurne;2;0;0;1;12,26847;41,73489;-1;2;Autovettura privata;In marcia / fermata / arresto;Conducente;M;Rimandato;0;NON DECEDUTO;;
3124485;13;07/01/2017 15:15;Strada Urbana;CORSO DUCA DI GENOVA;all'intersezione con;VIALE DELLE REPUBBLICHE MARINARE;VIALE DELLE REPUBBLICHE MARINARE;;;Scontro laterale fra veicoli in marcia;Incrocio;Una carreggiata a doppio senso;Asciutto;Asfaltata;Verticale ed orizzontale;Nuvoloso;Normale;Buona;Ore Diurne;2;0;0;1;12,26847;41,73489;-1;2;Autovettura privata;In marcia / fermata / arresto;Passeggero;M;Rimandato;0;NON DECEDUTO;;
3124511;13;05/01/2017 12:15;Strada Urbana;VIA DELL'APPAGLIATORE;all'intersezione con;VIA DANILO STIEPOVICH;VIA DANILO STIEPOVICH;;;Investimento di pedone;Incrocio;Una carreggiata a doppio senso;Asciutto;Asfaltata;Assente;Sereno;Normale;Buona;Ore Diurne;1;0;0;1;12,2643;41,73954;-1;;;;Pedone;F;Rimandato;0;NON DECEDUTO;;
3124511;13;05/01/2017 12:15;Strada Urbana;VIA DELL'APPAGLIATORE;all'intersezione con;VIA DANILO STIEPOVICH;VIA DANILO STIEPOVICH;;;Investimento di pedone;Incrocio;Una carreggiata a doppio senso;Asciutto;Asfaltata;Assente;Sereno;Normale;Buona;Ore Diurne;1;0;0;1;12,2643;41,73954;-1;1;Autovettura privata;In marcia / fermata / arresto;Conducente;F;Illeso;0;;Non accertato;Inesploso
3124538;13;05/01/2017 16:30;Strada Urbana;VIA PADRE MASSARUTI;in corrispondenza;;del civico n.;49;;Ribaltamento senza urto contro ostacolo fisso;Rettilineo;Una carreggiata a doppio senso;Asciutto;Asfaltata;Orizzontale;Sereno;Scarso;Sufficiente;Sufficiente;0;0;0;1;12,35454;41,76156;-1;1;Autovettura privata;In marcia / fermata / arresto;Conducente;M;Illeso;0;;;
3124552;13;06/01/2017 13:00;Strada Urbana;VIA DELLE SIRENE;all'intersezione con;CORSO DUCA DI GENOVA;CORSO DUCA DI GENOVA;;;Scontro frontale/laterale SX fra veicoli in marcia;Incrocio;Due carreggiate;Asciutto;Asfaltata;Verticale ed orizzontale;Sereno;Normale;Buona;Ore Diurne;0;0;0;5;12,27162;41,73423;-1;1;Autovettura privata;In marcia / fermata / arresto;Conducente;F;Illeso;0;;Non accertato;Inesploso
3124552;13;06/01/2017 13:00;Strada Urbana;VIA DELLE SIRENE;all'intersezione con;CORSO DUCA DI GENOVA;CORSO DUCA DI GENOVA;;;Scontro frontale/laterale SX fra veicoli in marcia;Incrocio;Due carreggiate;Asciutto;Asfaltata;Verticale ed orizzontale;Sereno;Normale;Buona;Ore Diurne;0;0;0;5;12,27162;41,73423;-1;2;Autovettura privata;In marcia / fermata / arresto;Conducente;M;Illeso;0;;Non accertato;Inesploso
3124552;13;06/01/2017 13:00;Strada Urbana;VIA DELLE SIRENE;all'intersezione con;CORSO DUCA DI GENOVA;CORSO DUCA DI GENOVA;;;Scontro frontale/laterale SX fra veicoli in marcia;Incrocio;Due carreggiate;Asciutto;Asfaltata;Verticale ed orizzontale;Sereno;Normale;Buona;Ore Diurne;0;0;0;5;12,27162;41,73423;-1;2;Autovettura privata;In marcia / fermata / arresto;Passeggero;F;Illeso;0;;Non accertato;Inesploso
3124552;13;06/01/2017 13:00;Strada Urbana;VIA DELLE SIRENE;all'intersezione con;CORSO DUCA DI GENOVA;CORSO DUCA DI GENOVA;;;Scontro frontale/laterale SX fra veicoli in marcia;Incrocio;Due carreggiate;Asciutto;Asfaltata;Verticale ed orizzontale;Sereno;Normale;Buona;Ore Diurne;0;0;0;5;12,27162;41,73423;-1;2;Autovettura privata;In marcia / fermata / arresto;Passeggero;F;Illeso;0;;Non accertato;Inesploso