Protocollo;Gruppo;DataOraIncidente;Localizzazione1;STRADA1;Localizzazione2;STRADA2;Strada02;Chilometrica;DaSpecificare;NaturaIncidente;particolaritastrade;TipoStrada;FondoStradale;Pavimentazione;Segnaletica;CondizioneAtmosferica;Traffico;Visibilita;Illuminazione;NUM_FERITI;NUM_RISERVATA;NUM_MORTI;NUM_ILLESI;Longitudine;Latitudine;Confermato;Progressivo;TipoVeicolo;StatoVeicolo;TipoPersona;Sesso;Tipolesione;Deceduto;DecedutoDopo;CinturaCascoUtilizzato;Airbag
3144842;1;22/01/2017 19:30;Strada Urbana;VIA CRISTOFORO COLOMBO;in prossimità;;del civico n.;31;;Tamponamento Multiplo;Rettilineo;Più di due carreggiate;Asciutto;Asfaltata;Verticale ed orizzontale;Nuvoloso;Normale;Sufficiente;Sufficiente;0;0;0;5;12,49608;41,86983;-1;3;Autovettura privata;In marcia / fermata / arresto;Conducente;M;Illeso;0;;Non accertato;
3144842;1;22/01/2017 19:30;Strada Urbana;VIA CRISTOFORO COLOMBO;in prossimità;;del civico n.;31;;Tamponamento Multiplo;Rettilineo;Più di due carreggiate;Asciutto;Asfaltata;Verticale ed orizzontale;Nuvoloso;Normale;Sufficiente;Sufficiente;0;0;0;5;12,49608;41,86983;-1;3;Autovettura privata;In marcia / fermata / arresto;Passeggero;M;Illeso;0;;Non accertato;
3144842;1;22/01/2017 19:30;Strada Urbana;VIA CRISTOFORO COLOMBO;in prossimità;;del civico n.;31;;Tamponamento Multiplo;Rettilineo;Più di due carreggiate;Asciutto;Asfaltata;Verticale ed orizzontale;Nuvoloso;Normale;Sufficiente;Sufficiente;0;0;0;5;12,49608;41,86983;-1;3;Autovettura privata;In marcia / fermata / arresto;Passeggero;M;Illeso;0;;Non accertato;
3144850;16;21/01/2017 09:15;Strada Urbana;VIALE DEI QUATTRO VENTI;in corrispondenza;;del civico n.;121;;Scontro frontale/laterale DX fra veicoli in marcia;Rettilineo;Una carreggiata a doppio senso;Asciutto;Asfaltata;Orizzontale;Sereno;Normale;Buona;Ore Diurne;1;0;0;4;12,45858;41,88062;-1;1;Motociclo a solo;In marcia / fermata / arresto;Conducente;M;Rimandato;0;NON DECEDUTO;Non accertato;
3144850;16;21/01/2017 09:15;Strada Urbana;VIALE DEI QUATTRO VENTI;in corrispondenza;;del civico n.;121;;Scontro frontale/laterale DX fra veicoli in marcia;Rettilineo;Una carreggiata a doppio senso;Asciutto;Asfaltata;Orizzontale;Sereno;Normale;Buona;Ore Diurne;1;0;0;4;12,45858;41,88062;-1;2;Autovettura privata;In marcia / fermata / arresto;Conducente;F;Illeso;0;;Non accertato;Inesploso
3144850;16;21/01/2017 09:15;Strada Urbana;VIALE DEI QUATTRO VENTI;in corrispondenza;;del civico n.;121;;Scontro frontale/laterale DX fra veicoli in marcia;Rettilineo;Una carreggiata a doppio senso;Asciutto;Asfaltata;Orizzontale;Sereno;Normale;Buona;Ore Diurne;1;0;0;4;12,45858;41,88062;-1;2;Autovettura privata;In marcia / fermata / arresto;Passeggero;M;Illeso;0;;Non accertato;Inesploso
3144850;16;21/01/2017 09:15;Strada Urbana;VIALE DEI QUATTRO VENTI;in corrispondenza;;del civico n.;121;;Scontro frontale/laterale DX fra veicoli in marcia;Rettilineo;Una carreggiata a doppio senso;Asciutto;Asfaltata;Orizzontale;Sereno;Normale;Buona;Ore Diurne;1;0;0;4;12,45858;41,88062;-1;2;Autovettura privata;In marcia / fermata / arresto;Passeggero;M;Illeso;0;;Non accertato;Inesploso
3144850;16;21/01/2017 09:15;Strada Urbana;VIALE DEI QUATTRO VENTI;in corrispondenza;;del civico n.;121;;Scontro frontale/laterale DX fra veicoli in marcia;Rettilineo;Una carreggiata a doppio senso;Asciutto;Asfaltata;Orizzontale;Sereno;Normale;Buona;Ore Diurne;1;0;0;4;12,45858;41,88062;-1;2;Autovettura privata;In marcia / fermata / arresto;Passeggero;F;Illeso;0;;Non accertato;Inesploso
3144857;7;22/01/2017 05:15;Strada Urbana;VIA DEI MONTI TIBURTINI;all'intersezione con;VIA DEI DURANTINI;VIA DEI DURANTINI;;;Tamponamento;Incrocio;Due carreggiate;Asciutto;Asfaltata;Verticale ed orizzontale;Sereno;Scarso;Buona;Sufficiente;0;0;0;2;12,54294;41,91716;-1;1;Autovettura privata;In marcia / fermata / arresto;Conducente;M;Illeso;0;;Non accertato;Inesploso
3144857;7;22/01/2017 05:15;Strada Urbana;VIA DEI MONTI TIBURTINI;all'intersezione con;VIA DEI DURANTINI;VIA DEI DURANTINI;;;Tamponamento;Incrocio;Due carreggiate;Asciutto;Asfaltata;Verticale ed orizzontale;Sereno;Scarso;Buona;Sufficiente;0;0;0;2;12,54294;41,91716;-1;2;Autovettura privata;In marcia / fermata / arresto;Conducente;M;Illeso;0;;Non accertato;Inesploso
3144858;17;22/01/2017 15:03;Strada Urbana;VIA GIOVANNI VITELLESCHI;in prossimità;;del civico n.;43;;Tamponamento;Rettilineo;Una carreggiata a senso unico di marcia;Asciutto;Asfaltata;Verticale ed orizzontale;Sereno;Normale;Buona;Ore Diurne;0;0;0;2;12,46172;41,9046;-1;1;Motociclo a solo;In marcia / fermata / arresto;Conducente;M;Illeso;0;;;
3144858;17;22/01/2017 15:03;Strada Urbana;VIA GIOVANNI VITELLESCHI;in prossimità;;del civico n.;43;;Tamponamento;Rettilineo;Una carreggiata a senso unico di marcia;Asciutto;Asfaltata;Verticale ed orizzontale;Sereno;Normale;Buona;Ore Diurne;0;0;0;2;12,46172;41,9046;-1;2;Autovettura privata;In marcia / fermata / arresto;Conducente;M;Illeso;0;;;
3144870;4;21/01/2017 10:15;Strada Urbana;VIA DI TOR S. GIOVANNI;da specificare;;;;prossimità VIA DELLA BUFALOTTA;Scontro frontale/laterale SX fra veicoli in marcia;Rettilineo;Una carreggiata a doppio senso;Asciutto;Asfaltata;Verticale ed orizzontale;Sereno;Normale;Buona;Ore Diurne;0;0;0;2;12,55203;41,97415;-1;1;Autovettura privata;In marcia / fermata / arresto;Conducente;F;Illeso;0;;Non accertato;Inesploso
3144870;4;21/01/2017 10:15;Strada Urbana;VIA DI TOR S. GIOVANNI;da specificare;;;;prossimità VIA DELLA BUFALOTTA;Scontro frontale/laterale SX fra veicoli in marcia;Rettilineo;Una carreggiata a doppio senso;Asciutto;Asfaltata;Verticale ed orizzontale;Sereno;Normale;Buona;Ore Diurne;0;0;0;2;12,55203;41,97415;-1;2;Autovettura privata;In marcia / fermata / arresto;Conducente;M;Illeso;0;;;
3144879;1;22/01/2017 18:50;Strada Urbana;VIA ELENIANA;in corrispondenza;;del civico n.;2b;;Investimento di pedone;Rettilineo;Una carreggiata a doppio senso;Asciutto;Asfaltata;Verticale ed orizzontale;Sereno;Scarso;Buona;Sufficiente;1;0;0;1;12,51505;41,89052;-1;;;;Pedone;F;Rimandato;0;NON DECEDUTO;;
3144879;1;22/01/2017 18:50;Strada Urbana;VIA ELENIANA;in corrispondenza;;del civico n.;2b;;Investimento di pedone;Rettilineo;Una carreggiata a doppio senso;Asciutto;Asfaltata;Verticale ed orizzontale;Sereno;Scarso;Buona;Sufficiente;1;0;0;1;12,51505;41,89052;-1;1;Autovettura privata;In marcia / fermata / arresto;Conducente;M;Illeso;0;;Non accertato;Inesploso
3144880;7;21/01/2017 12:15;Strada Urbana;VIALE PALMIRO TOGLIATTI;in prossimità;;del civico n.;274;;Scontro laterale fra veicoli in marcia;Rettilineo;Due carreggiate;Asciutto;Asfaltata;Verticale ed orizzontale;Sereno;Normale;Buona;Ore Diurne;0;0;0;2;12,56856;41,86394;-1;1;Motociclo a solo;In marcia / fermata / arresto;Conducente;M;Illeso;0;;Non accertato;
3144880;7;21/01/2017 12:15;Strada Urbana;VIALE PALMIRO TOGLIATTI;in prossimità;;del civico n.;274;;Scontro laterale fra veicoli in marcia;Rettilineo;Due carreggiate;Asciutto;Asfaltata;Verticale ed orizzontale;Sereno;Normale;Buona;Ore Diurne;0;0;0;2;12,56856;41,86394;-1;2;Autovettura privata;In marcia / fermata / arresto;Conducente;M;Illeso;0;;Non accertato;Inesploso
3144882;13;22/01/2017 13:35;Strada Urbana;VIA GIUSEPPE NICOLINI;da specificare;;;;prossimità civico 29;Veicolo in marcia contro ostacolo accidentale;Rettilineo;Una carreggiata a doppio senso;Asciutto;Asfaltata;Assente;Nuvoloso;Scarso;Buona;Ore Diurne;0;0;0;1;12,35517;41,72887;-1;1;Autovettura privata;In marcia / fermata / arresto;Conducente;M;Illeso;0;;;
3144912;7;20/01/2017 08:45;Strada Urbana;VIA DEI PIOPPI;in prossimità;;del civico n.;60/b;;Investimento di pedone;Rettilineo;Una carreggiata a doppio senso;Asciutto;Asfaltata;Verticale ed orizzontale;Sereno;Normale;Buona;Ore Diurne;2;0;0;1;12,57113;41,87792;-1;;;;Pedone;M;Rimandato;0;NON DECEDUTO;;
3144912;7;20/01/2017 08:45;Strada Urbana;VIA DEI PIOPPI;in prossimità;;del civico n.;60/b;;Investimento di pedone;Rettilineo;Una carreggiata a doppio senso;Asciutto;Asfaltata;Verticale ed orizzontale;Sereno;Normale;Buona;Ore Diurne;2;0;0;1;12,57113;41,87792;-1;;;;Pedone;F;Rimandato;0;NON DECEDUTO;;
3144912;7;20/01/2017 08:45;Strada Urbana;VIA DEI PIOPPI;in prossimità;;del civico n.;60/b;;Investimento di pedone;Rettilineo;Una carreggiata a doppio senso;Asciutto;Asfaltata;Verticale ed orizzontale;Sereno;Normale;Buona;Ore Diurne;2;0;0;1;12,57113;41,87792;-1;1;Autovettura privata;In marcia / fermata / arresto;Conducente;F;Illeso;0;;;
3144917;2;20/01/2017 18:30;Strada Urbana;VIA SALARIA;in corrispondenza;;del civico n.;200;;Veicolo in marcia contro veicoli in sosta;Rettilineo;Una carreggiata a senso unico di marcia;Asciutto;Asfaltata;Verticale ed orizzontale;Sereno;Intenso;Buona;Ore Diurne;0;0;0;1;12,4972;41,91801;-1;1;Autocarro inferiore 35 q.;In marcia / fermata / arresto;Conducente;M;Illeso;0;;Non accertato;Inesploso
3144932;13;22/01/2017 11:00;Strada Urbana;LUNGOMARE LUTAZIO CATULO;in corrispondenza;;del civico n.;12;;Scontro laterale fra veicoli in marcia;Rettilineo;Due carreggiate;Asciutto;Asfaltata;Verticale ed orizzontale;Nuvoloso;Normale;Buona;Ore Diurne;0;0;0;4;12,31326;41,71634;-1;1;Autovettura privata;In marcia / fermata / arresto;Conducente;M;Illeso;0;;Non accertato;Inesploso
3144932;13;22/01/2017 11:00;Strada Urbana;LUNGOMARE LUTAZIO CATULO;in corrispondenza;;del civico n.;12;;Scontro laterale fra veicoli in marcia;Rettilineo;Due carreggiate;Asciutto;Asfaltata;Verticale ed orizzontale;Nuvoloso;Normale;Buona;Ore Diurne;0;0;0;4;12,31326;41,71634;-1;1;Autovettura privata;In marcia / fermata / arresto;Passeggero;M;Illeso;0;;Non accertato;Inesploso
3144932;13;22/01/2017 11:00;Strada Urbana;LUNGOMARE LUTAZIO CATULO;in corrispondenza;;del civico n.;12;;Scontro laterale fra veicoli in marcia;Rettilineo;Due carreggiate;Asciutto;Asfaltata;Verticale ed orizzontale;Nuvoloso;Normale;Buona;Ore Diurne;0;0;0;4;12,31326;41,71634;-1;2;Autovettura privata;In marcia / fermata / arresto;Conducente;M;Illeso;0;;Non accertato;Inesploso
3144932;13;22/01/2017 11:00;Strada Urbana;LUNGOMARE LUTAZIO CATULO;in corrispondenza;;del civico n.;12;;Scontro laterale fra veicoli in marcia;Rettilineo;Due carreggiate;Asciutto;Asfaltata;Verticale ed orizzontale;Nuvoloso;Normale;Buona;Ore Diurne;0;0;0;4;12,31326;41,71634;-1;2;Autovettura privata;In marcia / fermata / arresto;Passeggero;F;Illeso;0;;Non accertato;Inesploso
3144938;1;21/01/2017 23:00;Strada Urbana;PIAZZA GIUSEPPE GIOACHINO BELLI;da specificare;;;;fermata ATAC N. 70853;Scontro laterale fra veicoli in marcia;Rettilineo;Più di due carreggiate;Asciutto;Asfaltata;Verticale;Sereno;Normale;Buona;Sufficiente;0;0;0;3;12,47442;41,8902;-1;1;Autovettura privata;In marcia / fermata / arresto;Conducente;M;Illeso;0;;;
3144938;1;21/01/2017 23:00;Strada Urbana;PIAZZA GIUSEPPE GIOACHINO BELLI;da specificare;;;;fermata ATAC N. 70853;Scontro laterale fra veicoli in marcia;Rettilineo;Più di due carreggiate;Asciutto;Asfaltata;Verticale;Sereno;Normale;Buona;Sufficiente;0;0;0;3;12,47442;41,8902;-1;1;Autovettura privata;In marcia / fermata / arresto;Passeggero;F;Illeso;0;;;
3144938;1;21/01/2017 23:00;Strada Urbana;PIAZZA GIUSEPPE GIOACHINO BELLI;da specificare;;;;fermata ATAC N. 70853;Scontro laterale fra veicoli in marcia;Rettilineo;Più di due carreggiate;Asciutto;Asfaltata;Verticale;Sereno;Normale;Buona;Sufficiente;0;0;0;3;12,47442;41,8902;-1;2;Motociclo a solo;In marcia / fermata / arresto;Conducente;M;Illeso;0;;;
3144939;12;21/01/2017 20:30;Strada Urbana;VIA DEL MARE;da specificare;;;;altezza km 13.700;Tamponamento;Rettilineo;Una carreggiata a doppio senso;Asciutto;Asfaltata;Verticale ed orizzontale;Sereno;Normale;Buona;Inesistente;1;0;0;1;12,46324;41,84026;-1;1;Autovettura privata;In marcia / fermata / arresto;Conducente;M;Illeso;0;;Utilizzato;Inesploso
3144939;12;21/01/2017 20:30;Strada Urbana;VIA DEL MARE;da specificare;;;;altezza km 13.700;Tamponamento;Rettilineo;Una carreggiata a doppio senso;Asciutto;Asfaltata;Verticale ed orizzontale;Sereno;Normale;Buona;Inesistente;1;0;0;1;12,46324;41,84026;-1;2;Motociclo a solo;In marcia / fermata / arresto;Conducente;M;Rimandato;0;NON DECEDUTO;Utilizzato;Inesploso
3144941;5;21/01/2017 10:45;Strada Urbana;PIAZZA GIUSEPPE GOLA;da specificare;;;;fronte ciivico 29;Veicolo in marcia contro ostacolo fisso;Rettilineo;Una carreggiata a senso unico di marcia;Asciutto;Asfaltata;Assente;Sereno;Scarso;Buona;Ore Diurne;0;0;0;1;12,54936;41,93463;-1;1;Autovettura privata;In marcia / fermata / arresto;Conducente;F;Illeso;0;;Non accertato;Inesploso
3144944;2;20/01/2017 09:15;Strada Urbana;VIA ASMARA;in prossimità;;del civico n.;11;;Scontro laterale fra veicoli in marcia;Rettilineo;Una carreggiata a senso unico di marcia;Asciutto;Asfaltata;Verticale ed orizzontale;Sereno;Normale;Buona;Ore Diurne;0;0;0;2;12,51982;41,92663;-1;1;Autocarro inferiore 35 q.;In marcia / fermata / arresto;Conducente;M;Illeso;0;;Non accertato;Inesploso
3144944;2;20/01/2017 09:15;Strada Urbana;VIA ASMARA;in prossimità;;del civico n.;11;;Scontro laterale fra veicoli in marcia;Rettilineo;Una carreggiata a senso unico di marcia;Asciutto;Asfaltata;Verticale ed orizzontale;Sereno;Normale;Buona;Ore Diurne;0;0;0;2;12,51982;41,92663;-1;2;Autovettura privata;In marcia / fermata / arresto;Conducente;M;Illeso;0;;Non accertato;Inesploso
3144949;4;22/01/2017 01:40;Strada Urbana;VIA DEL CASALE DI SETTEBAGNI;in prossimità;;del civico n.;5;;Veicolo in marcia contro ostacolo fisso;Curva a visuale libera;Una carreggiata a doppio senso;Asciutto;Asfaltata;Verticale;Sereno;Scarso;Buona;Sufficiente;0;0;0;1;12,51756;41,99551;-1;1;Autovettura privata;In marcia / fermata / arresto;Conducente;M;Illeso;0;;Non accertato;Inesploso
3144951;5;21/01/2017 13:28;Strada Urbana;VIALE PALMIRO TOGLIATTI;all'intersezione con;VIALE BATTISTA BARDANZELLU;VIALE BATTISTA BARDANZELLU;;;Tamponamento;Incrocio;Due carreggiate;Asciutto;Asfaltata;Verticale ed orizzontale;Sereno;Normale;Buona;Ore Diurne;0;0;0;3;12,57071;41,91409;-1;1;Autovettura privata;In marcia / fermata / arresto;Conducente;M;Illeso;0;;Non accertato;Inesploso
3144951;5;21/01/2017 13:28;Strada Urbana;VIALE PALMIRO TOGLIATTI;all'intersezione con;VIALE BATTISTA BARDANZELLU;VIALE BATTISTA BARDANZELLU;;;Tamponamento;Incrocio;Due carreggiate;Asciutto;Asfaltata;Verticale ed orizzontale;Sereno;Normale;Buona;Ore Diurne;0;0;0;3;12,57071;41,91409;-1;1;Autovettura privata;In marcia / fermata / arresto;Passeggero;M;Illeso;0;;Non accertato;Inesploso
3144951;5;21/01/2017 13:28;Strada Urbana;VIALE PALMIRO TOGLIATTI;all'intersezione con;VIALE BATTISTA BARDANZELLU;VIALE BATTISTA BARDANZELLU;;;Tamponamento;Incrocio;Due carreggiate;Asciutto;Asfaltata;Verticale ed orizzontale;Sereno;Normale;Buona;Ore Diurne;0;0;0;3;12,57071;41,91409;-1;2;Autovettura privata;In marcia / fermata / arresto;Conducente;F;Illeso;0;;Non accertato;Inesploso
3144966;5;21/01/2017 17:30;Strada Urbana;VIA JASPERS;in prossimità;;del civico n.;36;;Tamponamento;Rettilineo;Una carreggiata a doppio senso;Asciutto;Asfaltata;Assente;Sereno;Scarso;Buona;Ore Diurne;0;0;0;2;12,55507;41,93658;-1;1;Autovettura privata;In marcia / fermata / arresto;Conducente;M;Illeso;0;;Non accertato;Inesploso
3144966;5;21/01/2017 17:30;Strada Urbana;VIA JASPERS;in prossimità;;del civico n.;36;;Tamponamento;Rettilineo;Una carreggiata a doppio senso;Asciutto;Asfaltata;Assente;Sereno;Scarso;Buona;Ore Diurne;0;0;0;2;12,55507;41,93658;-1;2;Motociclo a solo;In marcia / fermata / arresto;Conducente;M;Illeso;0;;Non accertato;
3144968;2;20/01/2017 15:50;Strada Urbana;PIAZZALE MANILA;all'intersezione semaforizzata con;VIALE TIZIANO;VIALE TIZIANO;;;Scontro frontale/laterale DX fra veicoli in marcia;Intersezione semaforizzata;Una carreggiata a senso unico di marcia;Asciutto;Asfaltata;Verticale ed orizzontale;Sereno;Normale;Buona;Ore Diurne;1;0;0;1;12,47152;41,92384;-1;1;Ciclomotore;In marcia / fermata / arresto;Conducente;F;Illeso;0;;Non accertato;
3144968;2;20/01/2017 15:50;Strada Urbana;PIAZZALE MANILA;all'intersezione semaforizzata con;VIALE TIZIANO;VIALE TIZIANO;;;Scontro frontale/laterale DX fra veicoli in marcia;Intersezione semaforizzata;Una carreggiata a senso unico di marcia;Asciutto;Asfaltata;Verticale ed orizzontale;Sereno;Normale;Buona;Ore Diurne;1;0;0;1;12,47152;41,92384;-1;2;Velocipede;In marcia / fermata / arresto;Conducente;M;Rimandato;0;NON DECEDUTO;Esente;
3144969;1;22/01/2017 00:50;Strada Urbana;PORTO DI RIPA GRANDE;in prossimità;;del civico n.;19;;Tamponamento Multiplo;Rettilineo;Una carreggiata a senso unico di marcia;Asciutto;Asfaltata;Verticale ed orizzontale;Sereno;Normale;Buona;Sufficiente;0;0;0;5;12,47557;41,88456;-1;1;Autovettura privata;In marcia / fermata / arresto;Conducente;M;Illeso;0;;;
3144969;1;22/01/2017 00:50;Strada Urbana;PORTO DI RIPA GRANDE;in prossimità;;del civico n.;19;;Tamponamento Multiplo;Rettilineo;Una carreggiata a senso unico di marcia;Asciutto;Asfaltata;Verticale ed orizzontale;Sereno;Normale;Buona;Sufficiente;0;0;0;5;12,47557;41,88456;-1;2;Autovettura privata;In marcia / fermata / arresto;Conducente;M;Illeso;0;;;
3144969;1;22/01/2017 00:50;Strada Urbana;PORTO DI RIPA GRANDE;in prossimità;;del civico n.;19;;Tamponamento Multiplo;Rettilineo;Una carreggiata a senso unico di marcia;Asciutto;Asfaltata;Verticale ed orizzontale;Sereno;Normale;Buona;Sufficiente;0;0;0;5;12,47557;41,88456;-1;2;Autovettura privata;In marcia / fermata / arresto;Passeggero;F;Illeso;0;;;
3144969;1;22/01/2017 00:50;Strada Urbana;PORTO DI RIPA GRANDE;in prossimità;;del civico n.;19;;Tamponamento Multiplo;Rettilineo;Una carreggiata a senso unico di marcia;Asciutto;Asfaltata;Verticale ed orizzontale;Sereno;Normale;Buona;Sufficiente;0;0;0;5;12,47557;41,88456;-1;3;Autovettura privata;In marcia / fermata / arresto;Conducente;M;Illeso;0;;;
3144969;1;22/01/2017 00:50;Strada Urbana;PORTO DI RIPA GRANDE;in prossimità;;del civico n.;19;;Tamponamento Multiplo;Rettilineo;Una carreggiata a senso unico di marcia;Asciutto;Asfaltata;Verticale ed orizzontale;Sereno;Normale;Buona;Sufficiente;0;0;0;5;12,47557;41,88456;-1;3;Autovettura privata;In marcia / fermata / arresto;Passeggero;F;Illeso;0;;;
3144970;2;21/01/2017 05:00;Strada Urbana;VIA ALESSANDRIA;in prossimità;;del civico n.;173;;Veicolo in marcia contro veicoli in sosta;Rettilineo;Una carreggiata a senso unico di marcia;Asciutto;Asfaltata;Verticale ed orizzontale;Sereno;Scarso;Buona;Sufficiente;2;0;0;0;12,50493;41,91344;-1;1;Autovettura privata;In marcia / fermata / arresto;Conducente;F;Rimandato;0;NON DECEDUTO;;
3144970;2;21/01/2017 05:00;Strada Urbana;VIA ALESSANDRIA;in prossimità;;del civico n.;173;;Veicolo in marcia contro veicoli in sosta;Rettilineo;Una carreggiata a senso unico di marcia;Asciutto;Asfaltata;Verticale ed orizzontale;Sereno;Scarso;Buona;Sufficiente;2;0;0;0;12,50493;41,91344;-1;1;Autovettura privata;In marcia / fermata / arresto;Passeggero;F;Rimandato;0;NON DECEDUTO;;
3144973;2;21/01/2017 20:30;Strada Urbana;VIALE MARESCIALLO PILSUDSKI;in prossimità;;del civico n.;122;;Investimento di pedone;Curva a visuale libera;Una carreggiata a doppio senso;Asciutto;Asfaltata;Verticale ed orizzontale;Sereno;Normale;Buona;Sufficiente;1;0;0;2;12,47964;41,92845;-1;;;;Pedone;F;Rimandato;0;NON DECEDUTO;;
3144973;2;21/01/2017 20:30;Strada Urbana;VIALE MARESCIALLO PILSUDSKI;in prossimità;;del civico n.;122;;Investimento di pedone;Curva a visuale libera;Una carreggiata a doppio senso;Asciutto;Asfaltata;Verticale ed orizzontale;Sereno;Normale;Buona;Sufficiente;1;0;0;2;12,47964;41,92845;-1;1;Autovettura privata;In marcia / fermata / arresto;Conducente;F;Illeso;0;;Non accertato;Inesploso
3144973;2;21/01/2017 20:30;Strada Urbana;VIALE MARESCIALLO PILSUDSKI;in prossimità;;del civico n.;122;;Investimento di pedone;Curva a visuale libera;Una carreggiata a doppio senso;Asciutto;Asfaltata;Verticale ed orizzontale;Sereno;Normale;Buona;Sufficiente;1;0;0;2;12,47964;41,92845;-1;1;Autovettura privata;In marcia / fermata / arresto;Passeggero;F;Illeso;0;;Non accertato;Inesploso
3144976;2;22/01/2017 08:30;Strada Urbana;LUNGOTEVERE FLAMINIO;all'intersezione con;PIAZZA GENTILE DA FABRIANO;PIAZZA GENTILE DA FABRIANO;;;Veicolo in marcia contro veicolo in sosta;Incrocio;Una carreggiata a doppio senso;Asciutto;Asfaltata;Verticale ed orizzontale;Sereno;Scarso;Buona;Ore Diurne;0;0;0;1;12,46605;41,92375;-1;2;Autovettura privata;In marcia / fermata / arresto;Conducente;M;Illeso;0;;Non accertato;Inesploso
3144977;15;23/01/2017 10:00;Strada Urbana;VIA PORTUENSE;da specificare;;;;prossimità intersezione con Via Lanfranco maroi;Veicolo in marcia contro ostacolo accidentale;Rettilineo;Una carreggiata a doppio senso;Asciutto;Asfaltata;Orizzontale;Nuvoloso;Normale;Buona;Ore Diurne;0;0;0;1;12,41574;41,84758;-1;1;Autovettura privata;In marcia / fermata / arresto;Conducente;M;Illeso;0;;Non accertato;Inesploso
3144978;12;19/01/2017 11:50;Strada Urbana;VIA CRISTOFORO COLOMBO;all'intersezione con;VIALE DELLA CIVILTA' DEL LAVORO;VIALE DELLA CIVILTA' DEL LAVORO;;;Investimento di pedone;Intersezione semaforizzata;Più di due carreggiate;Asciutto;Asfaltata;Verticale ed orizzontale;Nuvoloso;Normale;Buona;Ore Diurne;2;0;0;1;12,32011;43,15759;-1;;;;Pedone;F;Rimandato;0;NON DECEDUTO;;
3144978;12;19/01/2017 11:50;Strada Urbana;VIA CRISTOFORO COLOMBO;all'intersezione con;VIALE DELLA CIVILTA' DEL LAVORO;VIALE DELLA CIVILTA' DEL LAVORO;;;Investimento di pedone;Intersezione semaforizzata;Più di due carreggiate;Asciutto;Asfaltata;Verticale ed orizzontale;Nuvoloso;Normale;Buona;Ore Diurne;2;0;0;1;12,32011;43,15759;-1;;;;Pedone;F;Rimandato;0;NON DECEDUTO;;
3144978;12;19/01/2017 11:50;Strada Urbana;VIA CRISTOFORO COLOMBO;all'intersezione con;VIALE DELLA CIVILTA' DEL LAVORO;VIALE DELLA CIVILTA' DEL LAVORO;;;Investimento di pedone;Intersezione semaforizzata;Più di due carreggiate;Asciutto;Asfaltata;Verticale ed orizzontale;Nuvoloso;Normale;Buona;Ore Diurne;2;0;0;1;12,32011;43,15759;-1;1;Autovettura privata;In marcia / fermata / arresto;Conducente;M;Illeso;0;;;
3144979;2;22/01/2017 15:00;Strada Urbana;SOTTOVIA IGNAZIO GUIDI;da specificare;;;;alt. c.so D'Italia;Scontro laterale fra veicoli in marcia;Curva a visuale libera;Due carreggiate;Asciutto;Asfaltata;Verticale ed orizzontale;Sereno;Scarso;Buona;Ore Diurne;0;0;0;4;12,50172;41,90918;-1;1;Autovettura privata;In marcia / fermata / arresto;Conducente;M;Illeso;0;;Non accertato;Inesploso
3144979;2;22/01/2017 15:00;Strada Urbana;SOTTOVIA IGNAZIO GUIDI;da specificare;;;;alt. c.so D'Italia;Scontro laterale fra veicoli in marcia;Curva a visuale libera;Due carreggiate;Asciutto;Asfaltata;Verticale ed orizzontale;Sereno;Scarso;Buona;Ore Diurne;0;0;0;4;12,50172;41,90918;-1;1;Autovettura privata;In marcia / fermata / arresto;Passeggero;F;Illeso;0;;Non accertato;Inesploso
3144979;2;22/01/2017 15:00;Strada Urbana;SOTTOVIA IGNAZIO GUIDI;da specificare;;;;alt. c.so D'Italia;Scontro laterale fra veicoli in marcia;Curva a visuale libera;Due carreggiate;Asciutto;Asfaltata;Verticale ed orizzontale;Sereno;Scarso;Buona;Ore Diurne;0;0;0;4;12,50172;41,90918;-1;2;Autovettura privata;In marcia / fermata / arresto;Conducente;M;Illeso;0;;Non accertato;Inesploso
3144979;2;22/01/2017 15:00;Strada Urbana;SOTTOVIA IGNAZIO GUIDI;da specificare;;;;alt. c.so D'Italia;Scontro laterale fra veicoli in marcia;Curva a visuale libera;Due carreggiate;Asciutto;Asfaltata;Verticale ed orizzontale;Sereno;Scarso;Buona;Ore Diurne;0;0;0;4;12,50172;41,90918;-1;2;Autovettura privata;In marcia / fermata / arresto;Passeggero;F;Illeso;0;;Non accertato;Inesploso
3144988;16;21/01/2017 11:00;Strada Urbana;VIA PIER VETTORI;in prossimità;;del civico n.;42;;Veicolo in marcia contro veicolo in sosta;Rettilineo;Una carreggiata a senso unico di marcia;Asciutto;Asfaltata;Verticale;Sereno;Normale;Buona;Ore Diurne;0;0;0;2;12,44202;41,86212;-1;1;Autovettura privata;In marcia / fermata / arresto;Conducente;F;Illeso;0;;Non accertato;Inesploso
3144988;16;21/01/2017 11:00;Strada Urbana;VIA PIER VETTORI;in prossimità;;del civico n.;42;;Veicolo in marcia contro veicolo in sosta;Rettilineo;Una carreggiata a senso unico di marcia;Asciutto;Asfaltata;Verticale;Sereno;Normale;Buona;Ore Diurne;0;0;0;2;12,44202;41,86212;-1;1;Autovettura privata;In marcia / fermata / arresto;Passeggero;F;Illeso;0;;Non accertato;Inesploso
3144990;5;22/01/2017 12:00;Strada Urbana;PIAZZA TOMMASO DE CRISTOFORIS;in corrispondenza;;del civico n.;5/4G;;Veicolo in marcia contro ostacolo accidentale;Rettilineo;Una carreggiata a senso unico di marcia;Asciutto;Asfaltata;Assente;Sereno;Scarso;Buona;Ore Diurne;0;0;0;1;12,53479;41,90043;-1;1;Autovettura privata;In marcia / fermata / arresto;Conducente;M;Illeso;0;;Non accertato;Inesploso